name,fiscal_year,total,month_name,month,fiscal_month,year
real_estate,2014,8171797.0,jul,7,1,2013
wage_city,2014,109990891.0,jul,7,1,2013
wage_pica,2014,32446877.0,jul,7,1,2013
wage,2014,142437768.0,jul,7,1,2013
earnings_city,2014,633035.0,jul,7,1,2013
earnings_pica,2014,290072.0,jul,7,1,2013
earnings,2014,923107.0,jul,7,1,2013
net_profits_city,2014,817510.0,jul,7,1,2013
net_profits_pica,2014,-314035.0,jul,7,1,2013
net_profits,2014,503475.0,jul,7,1,2013
birt,2014,5267558.0,jul,7,1,2013
sales,2014,21638628.0,jul,7,1,2013
amusement,2014,1472970.0,jul,7,1,2013
tobacco,2014,890.0,jul,7,1,2013
parking,2014,5915541.0,jul,7,1,2013
valet,2014,136163.0,jul,7,1,2013
real_estate_transfer,2014,15161436.0,jul,7,1,2013
outdoor_ads,2014,231817.0,jul,7,1,2013
other_taxes,2014,424002.0,jul,7,1,2013
all_taxes,2014,169862238.0,jul,7,1,2013
real_estate,2014,7409851.0,aug,8,2,2013
wage_city,2014,89516776.0,aug,8,2,2013
wage_pica,2014,26260623.0,aug,8,2,2013
wage,2014,115777399.0,aug,8,2,2013
earnings_city,2014,516718.0,aug,8,2,2013
earnings_pica,2014,251690.0,aug,8,2,2013
earnings,2014,768408.0,aug,8,2,2013
net_profits_city,2014,355676.0,aug,8,2,2013
net_profits_pica,2014,53315.0,aug,8,2,2013
net_profits,2014,408991.0,aug,8,2,2013
birt,2014,5345156.0,aug,8,2,2013
sales,2014,23597016.0,aug,8,2,2013
amusement,2014,4357829.0,aug,8,2,2013
tobacco,2014,4342.0,aug,8,2,2013
parking,2014,5977426.0,aug,8,2,2013
valet,2014,121306.0,aug,8,2,2013
real_estate_transfer,2014,13039843.0,aug,8,2,2013
outdoor_ads,2014,248413.0,aug,8,2,2013
other_taxes,2014,592.0,aug,8,2,2013
all_taxes,2014,150490944.0,aug,8,2,2013
real_estate,2014,7086287.0,sep,9,3,2013
wage_city,2014,93836515.0,sep,9,3,2013
wage_pica,2014,27591696.0,sep,9,3,2013
wage,2014,121428211.0,sep,9,3,2013
earnings_city,2014,228130.0,sep,9,3,2013
earnings_pica,2014,149974.0,sep,9,3,2013
earnings,2014,378104.0,sep,9,3,2013
net_profits_city,2014,710354.0,sep,9,3,2013
net_profits_pica,2014,401842.0,sep,9,3,2013
net_profits,2014,1112196.0,sep,9,3,2013
birt,2014,18787065.0,sep,9,3,2013
sales,2014,21393985.0,sep,9,3,2013
amusement,2014,754198.0,sep,9,3,2013
tobacco,2014,697.0,sep,9,3,2013
parking,2014,6191612.0,sep,9,3,2013
valet,2014,120867.0,sep,9,3,2013
real_estate_transfer,2014,12658179.0,sep,9,3,2013
outdoor_ads,2014,189389.0,sep,9,3,2013
other_taxes,2014,4889.0,sep,9,3,2013
all_taxes,2014,161962167.0,sep,9,3,2013
real_estate,2014,6902522.0,oct,10,4,2013
wage_city,2014,114628021.0,oct,10,4,2013
wage_pica,2014,33875787.0,oct,10,4,2013
wage,2014,148503808.0,oct,10,4,2013
earnings_city,2014,641860.0,oct,10,4,2013
earnings_pica,2014,278429.0,oct,10,4,2013
earnings,2014,920289.0,oct,10,4,2013
net_profits_city,2014,589821.0,oct,10,4,2013
net_profits_pica,2014,289224.0,oct,10,4,2013
net_profits,2014,879045.0,oct,10,4,2013
birt,2014,17125587.0,oct,10,4,2013
sales,2014,21187128.0,oct,10,4,2013
amusement,2014,1021326.0,oct,10,4,2013
tobacco,2014,3185.0,oct,10,4,2013
parking,2014,6090518.0,oct,10,4,2013
valet,2014,109565.0,oct,10,4,2013
real_estate_transfer,2014,12219707.0,oct,10,4,2013
outdoor_ads,2014,266555.0,oct,10,4,2013
other_taxes,2014,133954.0,oct,10,4,2013
all_taxes,2014,180919749.0,oct,10,4,2013
real_estate,2014,6047858.0,nov,11,5,2013
wage_city,2014,96098793.0,nov,11,5,2013
wage_pica,2014,28518168.0,nov,11,5,2013
wage,2014,124616961.0,nov,11,5,2013
earnings_city,2014,423174.0,nov,11,5,2013
earnings_pica,2014,259783.0,nov,11,5,2013
earnings,2014,682957.0,nov,11,5,2013
net_profits_city,2014,178771.0,nov,11,5,2013
net_profits_pica,2014,110664.0,nov,11,5,2013
net_profits,2014,289435.0,nov,11,5,2013
birt,2014,-3266483.0,nov,11,5,2013
sales,2014,22679439.0,nov,11,5,2013
amusement,2014,1120451.0,nov,11,5,2013
tobacco,2014,424.0,nov,11,5,2013
parking,2014,6726719.0,nov,11,5,2013
valet,2014,114536.0,nov,11,5,2013
real_estate_transfer,2014,11699988.0,nov,11,5,2013
outdoor_ads,2014,219594.0,nov,11,5,2013
other_taxes,2014,1194.0,nov,11,5,2013
all_taxes,2014,142044458.0,nov,11,5,2013
real_estate,2014,13011154.0,dec,12,6,2013
wage_city,2014,96888957.0,dec,12,6,2013
wage_pica,2014,26919581.0,dec,12,6,2013
wage,2014,123808538.0,dec,12,6,2013
earnings_city,2014,293540.0,dec,12,6,2013
earnings_pica,2014,130316.0,dec,12,6,2013
earnings,2014,423856.0,dec,12,6,2013
net_profits_city,2014,399683.0,dec,12,6,2013
net_profits_pica,2014,160444.0,dec,12,6,2013
net_profits,2014,560127.0,dec,12,6,2013
birt,2014,7072332.0,dec,12,6,2013
sales,2014,21015562.0,dec,12,6,2013
amusement,2014,1162460.0,dec,12,6,2013
tobacco,2014,1104.0,dec,12,6,2013
parking,2014,5887196.0,dec,12,6,2013
valet,2014,116627.0,dec,12,6,2013
real_estate_transfer,2014,12086902.0,dec,12,6,2013
outdoor_ads,2014,226988.0,dec,12,6,2013
other_taxes,2014,0.0,dec,12,6,2013
all_taxes,2014,158162505.0,dec,12,6,2013
real_estate,2014,39229686.0,jan,1,7,2014
wage_city,2014,134450625.0,jan,1,7,2014
wage_pica,2014,38618635.0,jan,1,7,2014
wage,2014,173069260.0,jan,1,7,2014
earnings_city,2014,688695.0,jan,1,7,2014
earnings_pica,2014,303541.0,jan,1,7,2014
earnings,2014,992236.0,jan,1,7,2014
net_profits_city,2014,-299147.0,jan,1,7,2014
net_profits_pica,2014,664572.0,jan,1,7,2014
net_profits,2014,365425.0,jan,1,7,2014
birt,2014,9790245.0,jan,1,7,2014
sales,2014,20520903.0,jan,1,7,2014
amusement,2014,932730.0,jan,1,7,2014
tobacco,2014,327306.0,jan,1,7,2014
parking,2014,5846404.0,jan,1,7,2014
valet,2014,109283.0,jan,1,7,2014
real_estate_transfer,2014,12766225.0,jan,1,7,2014
outdoor_ads,2014,199059.0,jan,1,7,2014
other_taxes,2014,47500.0,jan,1,7,2014
all_taxes,2014,224609514.0,jan,1,7,2014
real_estate,2014,293360733.0,feb,2,8,2014
wage_city,2014,97519013.0,feb,2,8,2014
wage_pica,2014,29161936.0,feb,2,8,2014
wage,2014,126680949.0,feb,2,8,2014
earnings_city,2014,371681.0,feb,2,8,2014
earnings_pica,2014,226173.0,feb,2,8,2014
earnings,2014,597854.0,feb,2,8,2014
net_profits_city,2014,529119.0,feb,2,8,2014
net_profits_pica,2014,-339989.0,feb,2,8,2014
net_profits,2014,189130.0,feb,2,8,2014
birt,2014,4368976.0,feb,2,8,2014
sales,2014,26727005.0,feb,2,8,2014
amusement,2014,1525913.0,feb,2,8,2014
tobacco,2014,267121.0,feb,2,8,2014
parking,2014,5849464.0,feb,2,8,2014
valet,2014,115748.0,feb,2,8,2014
real_estate_transfer,2014,9831101.0,feb,2,8,2014
outdoor_ads,2014,153570.0,feb,2,8,2014
other_taxes,2014,20100.0,feb,2,8,2014
all_taxes,2014,440639544.0,feb,2,8,2014
real_estate,2014,110614651.0,mar,3,9,2014
wage_city,2014,104456113.0,mar,3,9,2014
wage_pica,2014,31170271.0,mar,3,9,2014
wage,2014,135626384.0,mar,3,9,2014
earnings_city,2014,980260.0,mar,3,9,2014
earnings_pica,2014,486205.0,mar,3,9,2014
earnings,2014,1466465.0,mar,3,9,2014
net_profits_city,2014,1124761.0,mar,3,9,2014
net_profits_pica,2014,924982.0,mar,3,9,2014
net_profits,2014,2049743.0,mar,3,9,2014
birt,2014,51033203.0,mar,3,9,2014
sales,2014,19587637.0,mar,3,9,2014
amusement,2014,928868.0,mar,3,9,2014
tobacco,2014,20657.0,mar,3,9,2014
parking,2014,5863536.0,mar,3,9,2014
valet,2014,93138.0,mar,3,9,2014
real_estate_transfer,2014,17468211.0,mar,3,9,2014
outdoor_ads,2014,179828.0,mar,3,9,2014
other_taxes,2014,360.0,mar,3,9,2014
all_taxes,2014,312351223.0,mar,3,9,2014
real_estate,2014,27050983.0,apr,4,10,2014
wage_city,2014,130881999.0,apr,4,10,2014
wage_pica,2014,34972346.0,apr,4,10,2014
wage,2014,165854345.0,apr,4,10,2014
earnings_city,2014,2028278.0,apr,4,10,2014
earnings_pica,2014,983962.0,apr,4,10,2014
earnings,2014,3012240.0,apr,4,10,2014
net_profits_city,2014,7040596.0,apr,4,10,2014
net_profits_pica,2014,5167636.0,apr,4,10,2014
net_profits,2014,12208232.0,apr,4,10,2014
birt,2014,236751644.0,apr,4,10,2014
sales,2014,19190405.0,apr,4,10,2014
amusement,2014,4955149.0,apr,4,10,2014
tobacco,2014,13558.0,apr,4,10,2014
parking,2014,6213099.0,apr,4,10,2014
valet,2014,88815.0,apr,4,10,2014
real_estate_transfer,2014,14823120.0,apr,4,10,2014
outdoor_ads,2014,246046.0,apr,4,10,2014
other_taxes,2014,11100.0,apr,4,10,2014
all_taxes,2014,449294792.0,apr,4,10,2014
real_estate,2014,13685478.0,may,5,11,2014
wage_city,2014,91163535.0,may,5,11,2014
wage_pica,2014,29628857.0,may,5,11,2014
wage,2014,120792392.0,may,5,11,2014
earnings_city,2014,3298075.0,may,5,11,2014
earnings_pica,2014,1720017.0,may,5,11,2014
earnings,2014,5018092.0,may,5,11,2014
net_profits_city,2014,4055406.0,may,5,11,2014
net_profits_pica,2014,2953521.0,may,5,11,2014
net_profits,2014,7008927.0,may,5,11,2014
birt,2014,102049541.0,may,5,11,2014
sales,2014,24060431.0,may,5,11,2014
amusement,2014,1150505.0,may,5,11,2014
tobacco,2014,6691.0,may,5,11,2014
parking,2014,6656024.0,may,5,11,2014
valet,2014,173857.0,may,5,11,2014
real_estate_transfer,2014,15593658.0,may,5,11,2014
outdoor_ads,2014,196024.0,may,5,11,2014
other_taxes,2014,0.0,may,5,11,2014
all_taxes,2014,262089225.0,may,5,11,2014
real_estate,2014,-6661951.0,jun,6,12,2014
wage_city,2014,94261933.0,jun,6,12,2014
wage_pica,2014,28787213.0,jun,6,12,2014
wage,2014,123049146.0,jun,6,12,2014
earnings_city,2014,189450.0,jun,6,12,2014
earnings_pica,2014,129396.0,jun,6,12,2014
earnings,2014,318846.0,jun,6,12,2014
net_profits_city,2014,2277084.0,jun,6,12,2014
net_profits_pica,2014,1257776.0,jun,6,12,2014
net_profits,2014,3534860.0,jun,6,12,2014
birt,2014,14618771.0,jun,6,12,2014
sales,2014,22098724.0,jun,6,12,2014
amusement,2014,614191.0,jun,6,12,2014
tobacco,2014,3533.0,jun,6,12,2014
parking,2014,6364676.0,jun,6,12,2014
valet,2014,135848.0,jun,6,12,2014
real_estate_transfer,2014,20476683.0,jun,6,12,2014
outdoor_ads,2014,534724.0,jun,6,12,2014
other_taxes,2014,-560997.0,jun,6,12,2014
all_taxes,2014,154352669.0,jun,6,12,2014
real_estate,2015,8316062.0,jul,7,1,2014
wage_city,2015,118297559.0,jul,7,1,2014
wage_pica,2015,33344733.0,jul,7,1,2014
wage,2015,151642292.0,jul,7,1,2014
earnings_city,2015,540995.0,jul,7,1,2014
earnings_pica,2015,266330.0,jul,7,1,2014
earnings,2015,807325.0,jul,7,1,2014
net_profits_city,2015,-1886622.0,jul,7,1,2014
net_profits_pica,2015,268741.0,jul,7,1,2014
net_profits,2015,-1617881.0,jul,7,1,2014
birt,2015,4073322.0,jul,7,1,2014
sales,2015,22342454.0,jul,7,1,2014
amusement,2015,1286144.0,jul,7,1,2014
tobacco,2015,46554.0,jul,7,1,2014
parking,2015,6117225.0,jul,7,1,2014
valet,2015,122779.0,jul,7,1,2014
real_estate_transfer,2015,15779695.0,jul,7,1,2014
outdoor_ads,2015,277587.0,jul,7,1,2014
other_taxes,2015,424021.0,jul,7,1,2014
all_taxes,2015,175737775.0,jul,7,1,2014
real_estate,2015,7788848.0,aug,8,2,2014
wage_city,2015,96061793.0,aug,8,2,2014
wage_pica,2015,27858414.0,aug,8,2,2014
wage,2015,123920207.0,aug,8,2,2014
earnings_city,2015,365672.0,aug,8,2,2014
earnings_pica,2015,169456.0,aug,8,2,2014
earnings,2015,535128.0,aug,8,2,2014
net_profits_city,2015,919563.0,aug,8,2,2014
net_profits_pica,2015,-684140.0,aug,8,2,2014
net_profits,2015,235423.0,aug,8,2,2014
birt,2015,1886479.0,aug,8,2,2014
sales,2015,22245801.0,aug,8,2,2014
amusement,2015,3963600.0,aug,8,2,2014
tobacco,2015,3856.0,aug,8,2,2014
parking,2015,6029217.0,aug,8,2,2014
valet,2015,135070.0,aug,8,2,2014
real_estate_transfer,2015,16972306.0,aug,8,2,2014
outdoor_ads,2015,189372.0,aug,8,2,2014
other_taxes,2015,60.0,aug,8,2,2014
all_taxes,2015,156561637.0,aug,8,2,2014
real_estate,2015,7761804.0,sep,9,3,2014
wage_city,2015,95274235.0,sep,9,3,2014
wage_pica,2015,27765505.0,sep,9,3,2014
wage,2015,123039740.0,sep,9,3,2014
earnings_city,2015,323013.0,sep,9,3,2014
earnings_pica,2015,161448.0,sep,9,3,2014
earnings,2015,484461.0,sep,9,3,2014
net_profits_city,2015,1034424.0,sep,9,3,2014
net_profits_pica,2015,830911.0,sep,9,3,2014
net_profits,2015,1865335.0,sep,9,3,2014
birt,2015,17684348.0,sep,9,3,2014
sales,2015,10791624.0,sep,9,3,2014
amusement,2015,1623954.0,sep,9,3,2014
tobacco,2015,3780.0,sep,9,3,2014
parking,2015,6667943.0,sep,9,3,2014
valet,2015,151764.0,sep,9,3,2014
real_estate_transfer,2015,19950113.0,sep,9,3,2014
outdoor_ads,2015,194323.0,sep,9,3,2014
other_taxes,2015,6262.0,sep,9,3,2014
all_taxes,2015,161467587.0,sep,9,3,2014
real_estate,2015,7802377.0,oct,10,4,2014
wage_city,2015,123599085.0,oct,10,4,2014
wage_pica,2015,33518597.0,oct,10,4,2014
wage,2015,157117682.0,oct,10,4,2014
earnings_city,2015,644226.0,oct,10,4,2014
earnings_pica,2015,367184.0,oct,10,4,2014
earnings,2015,1011410.0,oct,10,4,2014
net_profits_city,2015,511043.0,oct,10,4,2014
net_profits_pica,2015,211829.0,oct,10,4,2014
net_profits,2015,722872.0,oct,10,4,2014
birt,2015,7115022.0,oct,10,4,2014
sales,2015,10474434.0,oct,10,4,2014
amusement,2015,817875.0,oct,10,4,2014
tobacco,2015,3592.0,oct,10,4,2014
parking,2015,6175223.0,oct,10,4,2014
valet,2015,141480.0,oct,10,4,2014
real_estate_transfer,2015,13293716.0,oct,10,4,2014
outdoor_ads,2015,256501.0,oct,10,4,2014
other_taxes,2015,812.0,oct,10,4,2014
all_taxes,2015,170835386.0,oct,10,4,2014
real_estate,2015,7549597.0,nov,11,5,2014
wage_city,2015,99823416.0,nov,11,5,2014
wage_pica,2015,31813017.0,nov,11,5,2014
wage,2015,131636433.0,nov,11,5,2014
earnings_city,2015,467201.0,nov,11,5,2014
earnings_pica,2015,235778.0,nov,11,5,2014
earnings,2015,702979.0,nov,11,5,2014
net_profits_city,2015,420518.0,nov,11,5,2014
net_profits_pica,2015,97690.0,nov,11,5,2014
net_profits,2015,518208.0,nov,11,5,2014
birt,2015,728924.0,nov,11,5,2014
sales,2015,11594560.0,nov,11,5,2014
amusement,2015,1146629.0,nov,11,5,2014
tobacco,2015,-298.0,nov,11,5,2014
parking,2015,6571145.0,nov,11,5,2014
valet,2015,127382.0,nov,11,5,2014
real_estate_transfer,2015,13871369.0,nov,11,5,2014
outdoor_ads,2015,215981.0,nov,11,5,2014
other_taxes,2015,-396.0,nov,11,5,2014
all_taxes,2015,142516028.0,nov,11,5,2014
real_estate,2015,9935092.0,dec,12,6,2014
wage_city,2015,102720840.0,dec,12,6,2014
wage_pica,2015,28327572.0,dec,12,6,2014
wage,2015,131048412.0,dec,12,6,2014
earnings_city,2015,332614.0,dec,12,6,2014
earnings_pica,2015,114693.0,dec,12,6,2014
earnings,2015,447307.0,dec,12,6,2014
net_profits_city,2015,2705205.0,dec,12,6,2014
net_profits_pica,2015,-1614738.0,dec,12,6,2014
net_profits,2015,1090467.0,dec,12,6,2014
birt,2015,3803649.0,dec,12,6,2014
sales,2015,10516213.0,dec,12,6,2014
amusement,2015,1068385.0,dec,12,6,2014
tobacco,2015,2606.0,dec,12,6,2014
parking,2015,6285575.0,dec,12,6,2014
valet,2015,144497.0,dec,12,6,2014
real_estate_transfer,2015,23135701.0,dec,12,6,2014
outdoor_ads,2015,205701.0,dec,12,6,2014
other_taxes,2015,18100.0,dec,12,6,2014
all_taxes,2015,160874178.0,dec,12,6,2014
real_estate,2015,40720823.0,jan,1,7,2015
wage_city,2015,122463751.0,jan,1,7,2015
wage_pica,2015,37605673.0,jan,1,7,2015
wage,2015,160069424.0,jan,1,7,2015
earnings_city,2015,633354.0,jan,1,7,2015
earnings_pica,2015,299291.0,jan,1,7,2015
earnings,2015,932645.0,jan,1,7,2015
net_profits_city,2015,817622.0,jan,1,7,2015
net_profits_pica,2015,548909.0,jan,1,7,2015
net_profits,2015,1366531.0,jan,1,7,2015
birt,2015,23911983.0,jan,1,7,2015
sales,2015,11270952.0,jan,1,7,2015
amusement,2015,888330.0,jan,1,7,2015
tobacco,2015,57027.0,jan,1,7,2015
parking,2015,6208158.0,jan,1,7,2015
valet,2015,120219.0,jan,1,7,2015
real_estate_transfer,2015,14670030.0,jan,1,7,2015
outdoor_ads,2015,212679.0,jan,1,7,2015
other_taxes,2015,7600.0,jan,1,7,2015
all_taxes,2015,221982528.0,jan,1,7,2015
real_estate,2015,282602279.0,feb,2,8,2015
wage_city,2015,111447371.0,feb,2,8,2015
wage_pica,2015,33601632.0,feb,2,8,2015
wage,2015,145049003.0,feb,2,8,2015
earnings_city,2015,647558.0,feb,2,8,2015
earnings_pica,2015,328518.0,feb,2,8,2015
earnings,2015,976076.0,feb,2,8,2015
net_profits_city,2015,786363.0,feb,2,8,2015
net_profits_pica,2015,26973.0,feb,2,8,2015
net_profits,2015,813336.0,feb,2,8,2015
birt,2015,8343285.0,feb,2,8,2015
sales,2015,11391058.0,feb,2,8,2015
amusement,2015,1514998.0,feb,2,8,2015
tobacco,2015,643240.0,feb,2,8,2015
parking,2015,5938776.0,feb,2,8,2015
valet,2015,102802.0,feb,2,8,2015
real_estate_transfer,2015,10180514.0,feb,2,8,2015
outdoor_ads,2015,185454.0,feb,2,8,2015
other_taxes,2015,7400.0,feb,2,8,2015
all_taxes,2015,433791098.0,feb,2,8,2015
real_estate,2015,117111213.0,mar,3,9,2015
wage_city,2015,115547535.0,mar,3,9,2015
wage_pica,2015,34072518.0,mar,3,9,2015
wage,2015,149620053.0,mar,3,9,2015
earnings_city,2015,1016700.0,mar,3,9,2015
earnings_pica,2015,478131.0,mar,3,9,2015
earnings,2015,1494831.0,mar,3,9,2015
net_profits_city,2015,1204264.0,mar,3,9,2015
net_profits_pica,2015,1506736.0,mar,3,9,2015
net_profits,2015,2711000.0,mar,3,9,2015
birt,2015,59938211.0,mar,3,9,2015
sales,2015,10793880.0,mar,3,9,2015
amusement,2015,1034565.0,mar,3,9,2015
tobacco,2015,5720.0,mar,3,9,2015
parking,2015,5983547.0,mar,3,9,2015
valet,2015,144765.0,mar,3,9,2015
real_estate_transfer,2015,11919651.0,mar,3,9,2015
outdoor_ads,2015,201943.0,mar,3,9,2015
other_taxes,2015,0.0,mar,3,9,2015
all_taxes,2015,324901994.0,mar,3,9,2015
real_estate,2015,23934381.0,apr,4,10,2015
wage_city,2015,126803425.0,apr,4,10,2015
wage_pica,2015,38089788.0,apr,4,10,2015
wage,2015,164893213.0,apr,4,10,2015
earnings_city,2015,5598979.0,apr,4,10,2015
earnings_pica,2015,2787909.0,apr,4,10,2015
earnings,2015,8386888.0,apr,4,10,2015
net_profits_city,2015,10727799.0,apr,4,10,2015
net_profits_pica,2015,9606281.0,apr,4,10,2015
net_profits,2015,20334080.0,apr,4,10,2015
birt,2015,265487484.0,apr,4,10,2015
sales,2015,8318128.0,apr,4,10,2015
amusement,2015,3712933.0,apr,4,10,2015
tobacco,2015,13568.0,apr,4,10,2015
parking,2015,7036480.0,apr,4,10,2015
valet,2015,127858.0,apr,4,10,2015
real_estate_transfer,2015,23711327.0,apr,4,10,2015
outdoor_ads,2015,213187.0,apr,4,10,2015
other_taxes,2015,-1717.0,apr,4,10,2015
all_taxes,2015,475683832.0,apr,4,10,2015
real_estate,2015,10386694.0,may,5,11,2015
wage_city,2015,97008119.0,may,5,11,2015
wage_pica,2015,28905435.0,may,5,11,2015
wage,2015,125913554.0,may,5,11,2015
earnings_city,2015,1281442.0,may,5,11,2015
earnings_pica,2015,-89966.0,may,5,11,2015
earnings,2015,1191476.0,may,5,11,2015
net_profits_city,2015,2278364.0,may,5,11,2015
net_profits_pica,2015,4191667.0,may,5,11,2015
net_profits,2015,6470031.0,may,5,11,2015
birt,2015,65450587.0,may,5,11,2015
sales,2015,10148282.0,may,5,11,2015
amusement,2015,960835.0,may,5,11,2015
tobacco,2015,4041.0,may,5,11,2015
parking,2015,6700102.0,may,5,11,2015
valet,2015,123566.0,may,5,11,2015
real_estate_transfer,2015,17558632.0,may,5,11,2015
outdoor_ads,2015,205067.0,may,5,11,2015
other_taxes,2015,0.0,may,5,11,2015
all_taxes,2015,212105731.0,may,5,11,2015
real_estate,2015,11288671.0,jun,6,12,2015
wage_city,2015,102294922.0,jun,6,12,2015
wage_pica,2015,30644771.0,jun,6,12,2015
wage,2015,132939693.0,jun,6,12,2015
earnings_city,2015,248186.0,jun,6,12,2015
earnings_pica,2015,135378.0,jun,6,12,2015
earnings,2015,383564.0,jun,6,12,2015
net_profits_city,2015,356349.0,jun,6,12,2015
net_profits_pica,2015,2698558.0,jun,6,12,2015
net_profits,2015,3054907.0,jun,6,12,2015
birt,2015,-23822877.0,jun,6,12,2015
sales,2015,12037630.0,jun,6,12,2015
amusement,2015,727347.0,jun,6,12,2015
tobacco,2015,3118.0,jun,6,12,2015
parking,2015,6497464.0,jun,6,12,2015
valet,2015,134101.0,jun,6,12,2015
real_estate_transfer,2015,22098532.0,jun,6,12,2015
outdoor_ads,2015,184241.0,jun,6,12,2015
other_taxes,2015,0.0,jun,6,12,2015
all_taxes,2015,132047684.0,jun,6,12,2015
real_estate,2016,10235052.0,jul,7,1,2015
wage_city,2016,124590288.0,jul,7,1,2015
wage_pica,2016,35820945.0,jul,7,1,2015
wage,2016,160411233.0,jul,7,1,2015
earnings_city,2016,629613.0,jul,7,1,2015
earnings_pica,2016,311174.0,jul,7,1,2015
earnings,2016,940787.0,jul,7,1,2015
net_profits_city,2016,257458.0,jul,7,1,2015
net_profits_pica,2016,467178.0,jul,7,1,2015
net_profits,2016,724636.0,jul,7,1,2015
birt,2016,5297479.0,jul,7,1,2015
sales,2016,15027283.0,jul,7,1,2015
amusement,2016,1483573.0,jul,7,1,2015
tobacco,2016,5108.0,jul,7,1,2015
parking,2016,7825501.0,jul,7,1,2015
valet,2016,111882.0,jul,7,1,2015
real_estate_transfer,2016,25048818.0,jul,7,1,2015
outdoor_ads,2016,315175.0,jul,7,1,2015
other_taxes,2016,15425.0,jul,7,1,2015
all_taxes,2016,190842655.0,jul,7,1,2015
real_estate,2016,7113562.0,aug,8,2,2015
wage_city,2016,102125184.0,aug,8,2,2015
wage_pica,2016,30285507.0,aug,8,2,2015
wage,2016,132410691.0,aug,8,2,2015
earnings_city,2016,421387.0,aug,8,2,2015
earnings_pica,2016,205393.0,aug,8,2,2015
earnings,2016,626780.0,aug,8,2,2015
net_profits_city,2016,-55672.0,aug,8,2,2015
net_profits_pica,2016,560344.0,aug,8,2,2015
net_profits,2016,504672.0,aug,8,2,2015
birt,2016,3838410.0,aug,8,2,2015
sales,2016,27000124.0,aug,8,2,2015
amusement,2016,4512672.0,aug,8,2,2015
tobacco,2016,5281.0,aug,8,2,2015
parking,2016,7200179.0,aug,8,2,2015
valet,2016,132171.0,aug,8,2,2015
real_estate_transfer,2016,23163515.0,aug,8,2,2015
outdoor_ads,2016,209869.0,aug,8,2,2015
other_taxes,2016,0.0,aug,8,2,2015
all_taxes,2016,175666682.0,aug,8,2,2015
real_estate,2016,8606289.0,sep,9,3,2015
wage_city,2016,101900627.0,sep,9,3,2015
wage_pica,2016,30121523.0,sep,9,3,2015
wage,2016,132022150.0,sep,9,3,2015
earnings_city,2016,215308.0,sep,9,3,2015
earnings_pica,2016,131376.0,sep,9,3,2015
earnings,2016,346684.0,sep,9,3,2015
net_profits_city,2016,-128011.0,sep,9,3,2015
net_profits_pica,2016,739118.0,sep,9,3,2015
net_profits,2016,611107.0,sep,9,3,2015
birt,2016,18210498.0,sep,9,3,2015
sales,2016,11672149.0,sep,9,3,2015
amusement,2016,1030273.0,sep,9,3,2015
tobacco,2016,1324.0,sep,9,3,2015
parking,2016,7413686.0,sep,9,3,2015
valet,2016,136371.0,sep,9,3,2015
real_estate_transfer,2016,18639101.0,sep,9,3,2015
outdoor_ads,2016,264105.0,sep,9,3,2015
other_taxes,2016,2040.0,sep,9,3,2015
all_taxes,2016,167963760.0,sep,9,3,2015
real_estate,2016,8305396.0,oct,10,4,2015
wage_city,2016,108262332.0,oct,10,4,2015
wage_pica,2016,31939392.0,oct,10,4,2015
wage,2016,140201724.0,oct,10,4,2015
earnings_city,2016,884059.0,oct,10,4,2015
earnings_pica,2016,399366.0,oct,10,4,2015
earnings,2016,1283425.0,oct,10,4,2015
net_profits_city,2016,844110.0,oct,10,4,2015
net_profits_pica,2016,872771.0,oct,10,4,2015
net_profits,2016,1716881.0,oct,10,4,2015
birt,2016,22154231.0,oct,10,4,2015
sales,2016,10951664.0,oct,10,4,2015
amusement,2016,754043.0,oct,10,4,2015
tobacco,2016,1200.0,oct,10,4,2015
parking,2016,7194903.0,oct,10,4,2015
valet,2016,107464.0,oct,10,4,2015
real_estate_transfer,2016,20120208.0,oct,10,4,2015
outdoor_ads,2016,207367.0,oct,10,4,2015
other_taxes,2016,-24896.0,oct,10,4,2015
all_taxes,2016,179762081.0,oct,10,4,2015
real_estate,2016,6892541.0,nov,11,5,2015
wage_city,2016,121487227.0,nov,11,5,2015
wage_pica,2016,36055326.0,nov,11,5,2015
wage,2016,157542553.0,nov,11,5,2015
earnings_city,2016,537212.0,nov,11,5,2015
earnings_pica,2016,214838.0,nov,11,5,2015
earnings,2016,752050.0,nov,11,5,2015
net_profits_city,2016,360422.0,nov,11,5,2015
net_profits_pica,2016,243253.0,nov,11,5,2015
net_profits,2016,603675.0,nov,11,5,2015
birt,2016,5770346.0,nov,11,5,2015
sales,2016,13129746.0,nov,11,5,2015
amusement,2016,1222544.0,nov,11,5,2015
tobacco,2016,21735.0,nov,11,5,2015
parking,2016,7747217.0,nov,11,5,2015
valet,2016,126475.0,nov,11,5,2015
real_estate_transfer,2016,20034171.0,nov,11,5,2015
outdoor_ads,2016,308316.0,nov,11,5,2015
other_taxes,2016,19000.0,nov,11,5,2015
all_taxes,2016,177656952.0,nov,11,5,2015
real_estate,2016,11195293.0,dec,12,6,2015
wage_city,2016,96115852.0,dec,12,6,2015
wage_pica,2016,33707687.0,dec,12,6,2015
wage,2016,129823539.0,dec,12,6,2015
earnings_city,2016,218652.0,dec,12,6,2015
earnings_pica,2016,199935.0,dec,12,6,2015
earnings,2016,418587.0,dec,12,6,2015
net_profits_city,2016,1696697.0,dec,12,6,2015
net_profits_pica,2016,-57309.0,dec,12,6,2015
net_profits,2016,1639388.0,dec,12,6,2015
birt,2016,8987127.0,dec,12,6,2015
sales,2016,10030278.0,dec,12,6,2015
amusement,2016,1085860.0,dec,12,6,2015
tobacco,2016,12365.0,dec,12,6,2015
parking,2016,7206277.0,dec,12,6,2015
valet,2016,121027.0,dec,12,6,2015
real_estate_transfer,2016,14407944.0,dec,12,6,2015
outdoor_ads,2016,262299.0,dec,12,6,2015
other_taxes,2016,16600.0,dec,12,6,2015
all_taxes,2016,151356271.0,dec,12,6,2015
real_estate,2016,48509370.0,jan,1,7,2016
wage_city,2016,131420628.0,jan,1,7,2016
wage_pica,2016,39744644.0,jan,1,7,2016
wage,2016,171165272.0,jan,1,7,2016
earnings_city,2016,542857.0,jan,1,7,2016
earnings_pica,2016,273103.0,jan,1,7,2016
earnings,2016,815960.0,jan,1,7,2016
net_profits_city,2016,25315.0,jan,1,7,2016
net_profits_pica,2016,24042.0,jan,1,7,2016
net_profits,2016,49357.0,jan,1,7,2016
birt,2016,5623052.0,jan,1,7,2016
sales,2016,12433173.0,jan,1,7,2016
amusement,2016,1004229.0,jan,1,7,2016
tobacco,2016,249288.0,jan,1,7,2016
parking,2016,7417009.0,jan,1,7,2016
valet,2016,103292.0,jan,1,7,2016
real_estate_transfer,2016,18869429.0,jan,1,7,2016
outdoor_ads,2016,68240.0,jan,1,7,2016
other_taxes,2016,8700.0,jan,1,7,2016
all_taxes,2016,226274582.0,jan,1,7,2016
real_estate,2016,321666479.0,feb,2,8,2016
wage_city,2016,120811460.0,feb,2,8,2016
wage_pica,2016,36536186.0,feb,2,8,2016
wage,2016,157347646.0,feb,2,8,2016
earnings_city,2016,873545.0,feb,2,8,2016
earnings_pica,2016,439467.0,feb,2,8,2016
earnings,2016,1313012.0,feb,2,8,2016
net_profits_city,2016,439813.0,feb,2,8,2016
net_profits_pica,2016,417689.0,feb,2,8,2016
net_profits,2016,857502.0,feb,2,8,2016
birt,2016,13602188.0,feb,2,8,2016
sales,2016,13742796.0,feb,2,8,2016
amusement,2016,1289824.0,feb,2,8,2016
tobacco,2016,450247.0,feb,2,8,2016
parking,2016,7274736.0,feb,2,8,2016
valet,2016,93694.0,feb,2,8,2016
real_estate_transfer,2016,18078276.0,feb,2,8,2016
outdoor_ads,2016,284037.0,feb,2,8,2016
other_taxes,2016,-1079.0,feb,2,8,2016
all_taxes,2016,498606016.0,feb,2,8,2016
real_estate,2016,112136054.0,mar,3,9,2016
wage_city,2016,129660491.0,mar,3,9,2016
wage_pica,2016,39212339.0,mar,3,9,2016
wage,2016,168872830.0,mar,3,9,2016
earnings_city,2016,2126633.0,mar,3,9,2016
earnings_pica,2016,1069878.0,mar,3,9,2016
earnings,2016,3196511.0,mar,3,9,2016
net_profits_city,2016,1621167.0,mar,3,9,2016
net_profits_pica,2016,1539618.0,mar,3,9,2016
net_profits,2016,3160785.0,mar,3,9,2016
birt,2016,57996446.0,mar,3,9,2016
sales,2016,9556091.0,mar,3,9,2016
amusement,2016,1378246.0,mar,3,9,2016
tobacco,2016,6801.0,mar,3,9,2016
parking,2016,7304689.0,mar,3,9,2016
valet,2016,109348.0,mar,3,9,2016
real_estate_transfer,2016,21852134.0,mar,3,9,2016
outdoor_ads,2016,201256.0,mar,3,9,2016
other_taxes,2016,19686.0,mar,3,9,2016
all_taxes,2016,343969042.0,mar,3,9,2016
real_estate,2016,23970106.0,apr,4,10,2016
wage_city,2016,108730414.0,apr,4,10,2016
wage_pica,2016,32882597.0,apr,4,10,2016
wage,2016,141613011.0,apr,4,10,2016
earnings_city,2016,3798702.0,apr,4,10,2016
earnings_pica,2016,1911069.0,apr,4,10,2016
earnings,2016,5709771.0,apr,4,10,2016
net_profits_city,2016,11741058.0,apr,4,10,2016
net_profits_pica,2016,11150457.0,apr,4,10,2016
net_profits,2016,22891515.0,apr,4,10,2016
birt,2016,241866427.0,apr,4,10,2016
sales,2016,10953759.0,apr,4,10,2016
amusement,2016,3492859.0,apr,4,10,2016
tobacco,2016,5010.0,apr,4,10,2016
parking,2016,7828971.0,apr,4,10,2016
valet,2016,122463.0,apr,4,10,2016
real_estate_transfer,2016,16157325.0,apr,4,10,2016
outdoor_ads,2016,180945.0,apr,4,10,2016
other_taxes,2016,1945.0,apr,4,10,2016
all_taxes,2016,428849984.0,apr,4,10,2016
real_estate,2016,13619371.0,may,5,11,2016
wage_city,2016,118103954.0,may,5,11,2016
wage_pica,2016,35717374.0,may,5,11,2016
wage,2016,153821328.0,may,5,11,2016
earnings_city,2016,2073270.0,may,5,11,2016
earnings_pica,2016,1043031.0,may,5,11,2016
earnings,2016,3116301.0,may,5,11,2016
net_profits_city,2016,5388340.0,may,5,11,2016
net_profits_pica,2016,5117295.0,may,5,11,2016
net_profits,2016,10505635.0,may,5,11,2016
birt,2016,105834063.0,may,5,11,2016
sales,2016,12522984.0,may,5,11,2016
amusement,2016,1157506.0,may,5,11,2016
tobacco,2016,7638.0,may,5,11,2016
parking,2016,8756087.0,may,5,11,2016
valet,2016,144289.0,may,5,11,2016
real_estate_transfer,2016,17487534.0,may,5,11,2016
outdoor_ads,2016,215390.0,may,5,11,2016
other_taxes,2016,247.0,may,5,11,2016
all_taxes,2016,285310673.0,may,5,11,2016
real_estate,2016,-497921.0,jun,6,12,2016
wage_city,2016,105805900.0,jun,6,12,2016
wage_pica,2016,32159475.0,jun,6,12,2016
wage,2016,137965375.0,jun,6,12,2016
earnings_city,2016,316251.0,jun,6,12,2016
earnings_pica,2016,216017.0,jun,6,12,2016
earnings,2016,532268.0,jun,6,12,2016
net_profits_city,2016,2777504.0,jun,6,12,2016
net_profits_pica,2016,2825781.0,jun,6,12,2016
net_profits,2016,5603285.0,jun,6,12,2016
birt,2016,-12144890.0,jun,6,12,2016
sales,2016,11919569.0,jun,6,12,2016
amusement,2016,728457.0,jun,6,12,2016
tobacco,2016,13581.0,jun,6,12,2016
parking,2016,8991724.0,jun,6,12,2016
valet,2016,135603.0,jun,6,12,2016
real_estate_transfer,2016,22416753.0,jun,6,12,2016
outdoor_ads,2016,386458.0,jun,6,12,2016
other_taxes,2016,0.0,jun,6,12,2016
all_taxes,2016,140848989.0,jun,6,12,2016
all_taxes,2017,180134788.0,jul,7,1,2016
other_taxes,2017,605.0,jul,7,1,2016
real_estate,2017,7755999.0,jul,7,1,2016
soda,2017,0.0,jul,7,1,2016
outdoor_ads,2017,119920.0,jul,7,1,2016
real_estate_transfer,2017,25630766.0,jul,7,1,2016
valet,2017,138306.0,jul,7,1,2016
tobacco,2017,1229.0,jul,7,1,2016
amusement,2017,1741343.0,jul,7,1,2016
sales,2017,25075495.0,jul,7,1,2016
birt,2017,1870468.0,jul,7,1,2016
parking,2017,7868391.0,jul,7,1,2016
net_profits_pica,2017,339724.0,jul,7,1,2016
net_profits,2017,697442.0,jul,7,1,2016
wage_pica,2017,32958215.0,jul,7,1,2016
wage,2017,141938664.0,jul,7,1,2016
earnings_city,2017,594099.0,jul,7,1,2016
wage_city,2017,108980449.0,jul,7,1,2016
earnings,2017,892981.0,jul,7,1,2016
net_profits_city,2017,357718.0,jul,7,1,2016
earnings_pica,2017,298882.0,jul,7,1,2016
net_profits,2017,1264242.0,aug,8,2,2016
wage_pica,2017,39420990.0,aug,8,2,2016
wage,2017,169771414.0,aug,8,2,2016
earnings_city,2017,720358.0,aug,8,2,2016
earnings_pica,2017,362401.0,aug,8,2,2016
earnings,2017,1082759.0,aug,8,2,2016
net_profits_city,2017,648430.0,aug,8,2,2016
net_profits_pica,2017,615812.0,aug,8,2,2016
birt,2017,5933423.0,aug,8,2,2016
all_taxes,2017,206070760.0,aug,8,2,2016
amusement,2017,4534878.0,aug,8,2,2016
tobacco,2017,1061.0,aug,8,2,2016
parking,2017,7695360.0,aug,8,2,2016
valet,2017,122496.0,aug,8,2,2016
real_estate_transfer,2017,18970672.0,aug,8,2,2016
outdoor_ads,2017,336783.0,aug,8,2,2016
soda,2017,0.0,aug,8,2,2016
other_taxes,2017,1625.0,aug,8,2,2016
wage_city,2017,130350424.0,aug,8,2,2016
sales,2017,27254093.0,aug,8,2,2016
real_estate,2017,9501157.0,aug,8,2,2016
net_profits_pica,2017,420292.0,sep,9,3,2016
net_profits_city,2017,442553.0,sep,9,3,2016
earnings,2017,755995.0,sep,9,3,2016
wage_pica,2017,33015760.0,sep,9,3,2016
earnings_city,2017,502962.0,sep,9,3,2016
wage,2017,142186492.0,sep,9,3,2016
net_profits,2017,862845.0,sep,9,3,2016
earnings_pica,2017,253033.0,sep,9,3,2016
all_taxes,2017,166461617.0,sep,9,3,2016
parking,2017,7655427.0,sep,9,3,2016
amusement,2017,1160222.0,sep,9,3,2016
tobacco,2017,-574.0,sep,9,3,2016
valet,2017,112446.0,sep,9,3,2016
real_estate_transfer,2017,17754495.0,sep,9,3,2016
outdoor_ads,2017,242944.0,sep,9,3,2016
soda,2017,0.0,sep,9,3,2016
other_taxes,2017,0.0,sep,9,3,2016
wage_city,2017,109170732.0,sep,9,3,2016
sales,2017,11682239.0,sep,9,3,2016
real_estate,2017,6091256.0,sep,9,3,2016
birt,2017,11646915.0,sep,9,3,2016
wage_city,2017,124076679.0,oct,10,4,2016
real_estate,2017,6985391.0,oct,10,4,2016
all_taxes,2017,193795273.0,oct,10,4,2016
other_taxes,2017,6000.0,oct,10,4,2016
soda,2017,0.0,oct,10,4,2016
outdoor_ads,2017,221378.0,oct,10,4,2016
real_estate_transfer,2017,22781580.0,oct,10,4,2016
valet,2017,115975.0,oct,10,4,2016
parking,2017,8258694.0,oct,10,4,2016
tobacco,2017,1263.0,oct,10,4,2016
amusement,2017,1610223.0,oct,10,4,2016
sales,2017,11826751.0,oct,10,4,2016
earnings_city,2017,703838.0,oct,10,4,2016
earnings_pica,2017,354090.0,oct,10,4,2016
earnings,2017,1057928.0,oct,10,4,2016
wage,2017,161600343.0,oct,10,4,2016
net_profits_pica,2017,915212.0,oct,10,4,2016
net_profits,2017,1878900.0,oct,10,4,2016
birt,2017,16243813.0,oct,10,4,2016
net_profits_city,2017,963688.0,oct,10,4,2016
wage_pica,2017,37523664.0,oct,10,4,2016
earnings_city,2017,1212979.0,nov,11,5,2016
wage_city,2017,112919725.0,nov,11,5,2016
all_taxes,2017,166093540.0,nov,11,5,2016
other_taxes,2017,54900.0,nov,11,5,2016
soda,2017,0.0,nov,11,5,2016
outdoor_ads,2017,261215.0,nov,11,5,2016
real_estate_transfer,2017,16763300.0,nov,11,5,2016
valet,2017,140128.0,nov,11,5,2016
parking,2017,8091213.0,nov,11,5,2016
tobacco,2017,991.0,nov,11,5,2016
real_estate,2017,7317510.0,nov,11,5,2016
amusement,2017,1134171.0,nov,11,5,2016
net_profits,2017,799406.0,nov,11,5,2016
net_profits_pica,2017,389442.0,nov,11,5,2016
net_profits_city,2017,409964.0,nov,11,5,2016
earnings,2017,1823235.0,nov,11,5,2016
earnings_pica,2017,610256.0,nov,11,5,2016
wage,2017,147069267.0,nov,11,5,2016
wage_pica,2017,34149542.0,nov,11,5,2016
sales,2017,13757004.0,nov,11,5,2016
birt,2017,4030440.0,nov,11,5,2016
all_taxes,2017,167059102.0,dec,12,6,2016
wage,2017,125452306.0,dec,12,6,2016
earnings_city,2017,1116285.0,dec,12,6,2016
earnings_pica,2017,590277.0,dec,12,6,2016
earnings,2017,1706562.0,dec,12,6,2016
net_profits_city,2017,22282.0,dec,12,6,2016
net_profits_pica,2017,-34605.0,dec,12,6,2016
net_profits,2017,-12323.0,dec,12,6,2016
wage_pica,2017,29921370.0,dec,12,6,2016
birt,2017,14526802.0,dec,12,6,2016
amusement,2017,1303449.0,dec,12,6,2016
tobacco,2017,1340.0,dec,12,6,2016
parking,2017,7867654.0,dec,12,6,2016
valet,2017,108457.0,dec,12,6,2016
real_estate_transfer,2017,20022197.0,dec,12,6,2016
outdoor_ads,2017,227258.0,dec,12,6,2016
soda,2017,0.0,dec,12,6,2016
sales,2017,11894519.0,dec,12,6,2016
wage_city,2017,95530936.0,dec,12,6,2016
real_estate,2017,14430623.0,dec,12,6,2016
other_taxes,2017,7300.0,dec,12,6,2016
wage_pica,2017,47259371.0,jan,1,7,2017
wage,2017,202750316.0,jan,1,7,2017
earnings_city,2017,975156.0,jan,1,7,2017
earnings_pica,2017,496360.0,jan,1,7,2017
earnings,2017,1471516.0,jan,1,7,2017
net_profits_city,2017,763317.0,jan,1,7,2017
net_profits_pica,2017,709983.0,jan,1,7,2017
net_profits,2017,1473300.0,jan,1,7,2017
wage_city,2017,155490945.0,jan,1,7,2017
birt,2017,12683385.0,jan,1,7,2017
amusement,2017,1226691.0,jan,1,7,2017
tobacco,2017,477819.0,jan,1,7,2017
parking,2017,7875780.0,jan,1,7,2017
valet,2017,107775.0,jan,1,7,2017
real_estate_transfer,2017,19452552.0,jan,1,7,2017
outdoor_ads,2017,102547.0,jan,1,7,2017
soda,2017,0.0,jan,1,7,2017
all_taxes,2017,259354488.0,jan,1,7,2017
sales,2017,11303441.0,jan,1,7,2017
real_estate,2017,48893269.0,jan,1,7,2017
other_taxes,2017,1811.0,jan,1,7,2017
wage_pica,2017,32509975.0,feb,2,8,2017
net_profits_pica,2017,93243.0,feb,2,8,2017
wage,2017,139423185.0,feb,2,8,2017
earnings_city,2017,846197.0,feb,2,8,2017
earnings_pica,2017,431207.0,feb,2,8,2017
earnings,2017,1277404.0,feb,2,8,2017
net_profits_city,2017,98975.0,feb,2,8,2017
net_profits,2017,192218.0,feb,2,8,2017
tobacco,2017,349271.0,feb,2,8,2017
sales,2017,15172663.0,feb,2,8,2017
amusement,2017,1243019.0,feb,2,8,2017
wage_city,2017,106913210.0,feb,2,8,2017
parking,2017,6874303.0,feb,2,8,2017
valet,2017,74356.0,feb,2,8,2017
real_estate_transfer,2017,14239981.0,feb,2,8,2017
outdoor_ads,2017,312851.0,feb,2,8,2017
soda,2017,5931239.0,feb,2,8,2017
birt,2017,214585.0,feb,2,8,2017
real_estate,2017,281160702.0,feb,2,8,2017
all_taxes,2017,433431352.0,feb,2,8,2017
other_taxes,2017,0.0,feb,2,8,2017
all_taxes,2017,397911050.0,mar,3,9,2017
real_estate,2017,160857292.0,mar,3,9,2017
outdoor_ads,2017,245390.0,mar,3,9,2017
real_estate_transfer,2017,20963811.0,mar,3,9,2017
valet,2017,124984.0,mar,3,9,2017
parking,2017,7822761.0,mar,3,9,2017
tobacco,2017,11491.0,mar,3,9,2017
amusement,2017,1460045.0,mar,3,9,2017
sales,2017,11359504.0,mar,3,9,2017
birt,2017,55780678.0,mar,3,9,2017
net_profits,2017,5650383.0,mar,3,9,2017
net_profits_pica,2017,2723121.0,mar,3,9,2017
net_profits_city,2017,2927262.0,mar,3,9,2017
earnings,2017,2903150.0,mar,3,9,2017
earnings_pica,2017,979336.0,mar,3,9,2017
earnings_city,2017,1923814.0,mar,3,9,2017
wage,2017,167234177.0,mar,3,9,2017
wage_pica,2017,38981028.0,mar,3,9,2017
wage_city,2017,128253149.0,mar,3,9,2017
other_taxes,2017,0.0,mar,3,9,2017
soda,2017,6180869.0,mar,3,9,2017
wage,2017,159699457.0,apr,4,10,2017
earnings_city,2017,4104747.0,apr,4,10,2017
earnings_pica,2017,2089336.0,apr,4,10,2017
earnings,2017,6194083.0,apr,4,10,2017
net_profits_city,2017,15669962.0,apr,4,10,2017
net_profits_pica,2017,14575667.0,apr,4,10,2017
net_profits,2017,30245629.0,apr,4,10,2017
birt,2017,281576132.0,apr,4,10,2017
sales,2017,11093674.0,apr,4,10,2017
amusement,2017,3554474.0,apr,4,10,2017
tobacco,2017,3987.0,apr,4,10,2017
parking,2017,8090223.0,apr,4,10,2017
valet,2017,112607.0,apr,4,10,2017
real_estate_transfer,2017,17752917.0,apr,4,10,2017
outdoor_ads,2017,223665.0,apr,4,10,2017
soda,2017,7042953.0,apr,4,10,2017
other_taxes,2017,32.0,apr,4,10,2017
wage_pica,2017,37224582.0,apr,4,10,2017
wage_city,2017,122474875.0,apr,4,10,2017
real_estate,2017,23427310.0,apr,4,10,2017
all_taxes,2017,495127558.0,apr,4,10,2017
all_taxes,2017,242953089.0,may,5,11,2017
soda,2017,6521859.0,may,5,11,2017
other_taxes,2017,325.0,may,5,11,2017
outdoor_ads,2017,203525.0,may,5,11,2017
real_estate_transfer,2017,24122713.0,may,5,11,2017
valet,2017,123432.0,may,5,11,2017
parking,2017,7676467.0,may,5,11,2017
tobacco,2017,9965.0,may,5,11,2017
sales,2017,13620083.0,may,5,11,2017
birt,2017,45334663.0,may,5,11,2017
net_profits,2017,7971548.0,may,5,11,2017
amusement,2017,830427.0,may,5,11,2017
wage_city,2017,122926076.0,may,5,11,2017
net_profits_city,2017,4129240.0,may,5,11,2017
earnings,2017,3952471.0,may,5,11,2017
earnings_pica,2017,1333214.0,may,5,11,2017
earnings_city,2017,2619257.0,may,5,11,2017
wage,2017,160297941.0,may,5,11,2017
wage_pica,2017,37371865.0,may,5,11,2017
net_profits_pica,2017,3842308.0,may,5,11,2017
real_estate,2017,14835057.0,may,5,11,2017
other_taxes,2017,0.0,jun,6,12,2017
wage_city,2017,107121728.0,jun,6,12,2017
all_taxes,2017,131621847.0,jun,6,12,2017
soda,2017,6872198.0,jun,6,12,2017
outdoor_ads,2017,266788.0,jun,6,12,2017
real_estate_transfer,2017,24353008.0,jun,6,12,2017
valet,2017,95183.0,jun,6,12,2017
parking,2017,8130334.0,jun,6,12,2017
tobacco,2017,3659.0,jun,6,12,2017
amusement,2017,643762.0,jun,6,12,2017
real_estate,2017,5400266.0,jun,6,12,2017
sales,2017,19240723.0,jun,6,12,2017
net_profits,2017,-1367982.0,jun,6,12,2017
net_profits_pica,2017,2489957.0,jun,6,12,2017
net_profits_city,2017,-3857939.0,jun,6,12,2017
earnings,2017,14743.0,jun,6,12,2017
earnings_pica,2017,394581.0,jun,6,12,2017
earnings_city,2017,-379838.0,jun,6,12,2017
wage,2017,140722866.0,jun,6,12,2017
wage_pica,2017,33601138.0,jun,6,12,2017
birt,2017,-36268025.0,jun,6,12,2017
wage_pica,2018,41476236.0,jul,7,1,2017
wage,2018,177937149.0,jul,7,1,2017
earnings_city,2018,696759.0,jul,7,1,2017
earnings_pica,2018,354654.0,jul,7,1,2017
earnings,2018,1051413.0,jul,7,1,2017
net_profits_city,2018,546899.0,jul,7,1,2017
net_profits_pica,2018,508686.0,jul,7,1,2017
net_profits,2018,1055585.0,jul,7,1,2017
wage_city,2018,136460913.0,jul,7,1,2017
birt,2018,6888658.0,jul,7,1,2017
amusement,2018,1817995.0,jul,7,1,2017
tobacco,2018,17986.0,jul,7,1,2017
parking,2018,7919240.0,jul,7,1,2017
valet,2018,126960.0,jul,7,1,2017
real_estate_transfer,2018,38343744.0,jul,7,1,2017
outdoor_ads,2018,270961.0,jul,7,1,2017
soda,2018,6920394.0,jul,7,1,2017
other_taxes,2018,0.0,jul,7,1,2017
sales,2018,28597269.0,jul,7,1,2017
real_estate,2018,9160930.0,jul,7,1,2017
all_taxes,2018,237768708.0,jul,7,1,2017
real_estate,2018,8527158.0,aug,8,2,2017
birt,2018,6929850.0,aug,8,2,2017
wage_pica,2018,34266732.0,aug,8,2,2017
all_taxes,2018,203524951.0,aug,8,2,2017
other_taxes,2018,31.0,aug,8,2,2017
soda,2018,6504472.0,aug,8,2,2017
outdoor_ads,2018,276417.0,aug,8,2,2017
real_estate_transfer,2018,29023050.0,aug,8,2,2017
valet,2018,113319.0,aug,8,2,2017
parking,2018,7503077.0,aug,8,2,2017
wage_city,2018,112743071.0,aug,8,2,2017
tobacco,2018,3189.0,aug,8,2,2017
sales,2018,28979912.0,aug,8,2,2017
net_profits,2018,767044.0,aug,8,2,2017
net_profits_pica,2018,369638.0,aug,8,2,2017
net_profits_city,2018,397406.0,aug,8,2,2017
earnings,2018,1319721.0,aug,8,2,2017
earnings_pica,2018,445157.0,aug,8,2,2017
earnings_city,2018,874564.0,aug,8,2,2017
wage,2018,147009803.0,aug,8,2,2017
amusement,2018,1649435.0,aug,8,2,2017
wage,2018,148618968.0,sep,9,3,2017
earnings_city,2018,404606.0,sep,9,3,2017
earnings_pica,2018,205947.0,sep,9,3,2017
earnings,2018,610553.0,sep,9,3,2017
net_profits_city,2018,952513.0,sep,9,3,2017
net_profits_pica,2018,886816.0,sep,9,3,2017
net_profits,2018,1839329.0,sep,9,3,2017
sales,2018,11975118.0,sep,9,3,2017
amusement,2018,4046016.0,sep,9,3,2017
tobacco,2018,2323.0,sep,9,3,2017
parking,2018,7716570.0,sep,9,3,2017
valet,2018,140961.0,sep,9,3,2017
real_estate_transfer,2018,20811248.0,sep,9,3,2017
outdoor_ads,2018,228613.0,sep,9,3,2017
soda,2018,6733241.0,sep,9,3,2017
other_taxes,2018,17497.0,sep,9,3,2017
all_taxes,2018,189923287.0,sep,9,3,2017
wage_pica,2018,34641848.0,sep,9,3,2017
wage_city,2018,113977120.0,sep,9,3,2017
birt,2018,16447087.0,sep,9,3,2017
real_estate,2018,6470374.0,sep,9,3,2017
earnings,2018,1317198.0,oct,10,4,2017
earnings_pica,2018,443810.0,oct,10,4,2017
earnings_city,2018,873388.0,oct,10,4,2017
real_estate,2018,6005883.0,oct,10,4,2017
wage_pica,2018,40332286.0,oct,10,4,2017
wage_city,2018,132694979.0,oct,10,4,2017
net_profits_city,2018,750024.0,oct,10,4,2017
wage,2018,173027265.0,oct,10,4,2017
net_profits_pica,2018,697620.0,oct,10,4,2017
tobacco,2018,4781.0,oct,10,4,2017
birt,2018,14949302.0,oct,10,4,2017
sales,2018,11849590.0,oct,10,4,2017
amusement,2018,1375993.0,oct,10,4,2017
parking,2018,7828915.0,oct,10,4,2017
valet,2018,793928.0,oct,10,4,2017
real_estate_transfer,2018,27476992.0,oct,10,4,2017
outdoor_ads,2018,247332.0,oct,10,4,2017
soda,2018,7567159.0,oct,10,4,2017
net_profits,2018,1447644.0,oct,10,4,2017
other_taxes,2018,49900.0,oct,10,4,2017
all_taxes,2018,212468166.0,oct,10,4,2017
net_profits,2018,254389.0,nov,11,5,2017
other_taxes,2018,8700.0,nov,11,5,2017
all_taxes,2018,185274665.0,nov,11,5,2017
real_estate,2018,5839101.0,nov,11,5,2017
soda,2018,6083858.0,nov,11,5,2017
outdoor_ads,2018,232897.0,nov,11,5,2017
real_estate_transfer,2018,28718591.0,nov,11,5,2017
valet,2018,167935.0,nov,11,5,2017
parking,2018,7868891.0,nov,11,5,2017
amusement,2018,1400229.0,nov,11,5,2017
sales,2018,14626405.0,nov,11,5,2017
birt,2018,934844.0,nov,11,5,2017
tobacco,2018,5514.0,nov,11,5,2017
net_profits_pica,2018,122591.0,nov,11,5,2017
wage_pica,2018,36051748.0,nov,11,5,2017
wage,2018,154667770.0,nov,11,5,2017
earnings_city,2018,639880.0,nov,11,5,2017
wage_city,2018,118616022.0,nov,11,5,2017
earnings,2018,965582.0,nov,11,5,2017
net_profits_city,2018,131798.0,nov,11,5,2017
earnings_pica,2018,325702.0,nov,11,5,2017
net_profits,2018,2492441.0,dec,12,6,2017
wage_pica,2018,34661136.0,dec,12,6,2017
wage,2018,144785986.0,dec,12,6,2017
earnings_city,2018,634791.0,dec,12,6,2017
earnings_pica,2018,401876.0,dec,12,6,2017
earnings,2018,1036667.0,dec,12,6,2017
net_profits_city,2018,1267421.0,dec,12,6,2017
net_profits_pica,2018,1225020.0,dec,12,6,2017
birt,2018,6116504.0,dec,12,6,2017
other_taxes,2018,9200.0,dec,12,6,2017
amusement,2018,1448123.0,dec,12,6,2017
tobacco,2018,1386.0,dec,12,6,2017
parking,2018,8114474.0,dec,12,6,2017
valet,2018,398243.0,dec,12,6,2017
real_estate_transfer,2018,21793500.0,dec,12,6,2017
outdoor_ads,2018,246904.0,dec,12,6,2017
soda,2018,5956429.0,dec,12,6,2017
wage_city,2018,110124850.0,dec,12,6,2017
sales,2018,12658199.0,dec,12,6,2017
real_estate,2018,34281185.0,dec,12,6,2017
all_taxes,2018,203051209.0,dec,12,6,2017
net_profits_pica,2018,1730224.0,jan,1,7,2018
wage_pica,2018,50953170.0,jan,1,7,2018
wage,2018,217694500.0,jan,1,7,2018
earnings_city,2018,1385062.0,jan,1,7,2018
earnings_pica,2018,731204.0,jan,1,7,2018
earnings,2018,2116266.0,jan,1,7,2018
net_profits_city,2018,1837248.0,jan,1,7,2018
net_profits,2018,3567472.0,jan,1,7,2018
tobacco,2018,157717.0,jan,1,7,2018
sales,2018,11871455.0,jan,1,7,2018
amusement,2018,1539277.0,jan,1,7,2018
wage_city,2018,166741330.0,jan,1,7,2018
parking,2018,7652707.0,jan,1,7,2018
valet,2018,194262.0,jan,1,7,2018
real_estate_transfer,2018,36860584.0,jan,1,7,2018
outdoor_ads,2018,210171.0,jan,1,7,2018
soda,2018,6530970.0,jan,1,7,2018
birt,2018,29380226.0,jan,1,7,2018
real_estate,2018,64065554.0,jan,1,7,2018
other_taxes,2018,6000.0,jan,1,7,2018
all_taxes,2018,328432563.0,jan,1,7,2018
all_taxes,2018,511557464.0,feb,2,8,2018
real_estate,2018,346541602.0,feb,2,8,2018
soda,2018,5844071.0,feb,2,8,2018
outdoor_ads,2018,244441.0,feb,2,8,2018
real_estate_transfer,2018,25047392.0,feb,2,8,2018
valet,2018,100643.0,feb,2,8,2018
parking,2018,7342170.0,feb,2,8,2018
tobacco,2018,781604.0,feb,2,8,2018
amusement,2018,2594081.0,feb,2,8,2018
sales,2018,15822799.0,feb,2,8,2018
other_taxes,2018,1000.0,feb,2,8,2018
net_profits,2018,1112122.0,feb,2,8,2018
net_profits_pica,2018,539379.0,feb,2,8,2018
net_profits_city,2018,572743.0,feb,2,8,2018
earnings,2018,1098883.0,feb,2,8,2018
earnings_pica,2018,379682.0,feb,2,8,2018
earnings_city,2018,719201.0,feb,2,8,2018
wage,2018,141146089.0,feb,2,8,2018
wage_pica,2018,33036465.0,feb,2,8,2018
wage_city,2018,108109624.0,feb,2,8,2018
birt,2018,-2163907.0,feb,2,8,2018
net_profits_pica,2018,2560004.0,mar,3,9,2018
net_profits_city,2018,2720357.0,mar,3,9,2018
wage,2018,168162227.0,mar,3,9,2018
earnings_pica,2018,701534.0,mar,3,9,2018
earnings_city,2018,1328860.0,mar,3,9,2018
earnings,2018,2030394.0,mar,3,9,2018
net_profits,2018,5280361.0,mar,3,9,2018
tobacco,2018,3503.0,mar,3,9,2018
sales,2018,12997255.0,mar,3,9,2018
amusement,2018,1083610.0,mar,3,9,2018
wage_pica,2018,39359763.0,mar,3,9,2018
parking,2018,7812644.0,mar,3,9,2018
valet,2018,125923.0,mar,3,9,2018
real_estate_transfer,2018,19049560.0,mar,3,9,2018
outdoor_ads,2018,202733.0,mar,3,9,2018
soda,2018,5451102.0,mar,3,9,2018
birt,2018,40304496.0,mar,3,9,2018
wage_city,2018,128802464.0,mar,3,9,2018
other_taxes,2018,5.0,mar,3,9,2018
real_estate,2018,114725269.0,mar,3,9,2018
all_taxes,2018,334607781.0,mar,3,9,2018
wage,2018,191920205.0,apr,4,10,2018
earnings_city,2018,3309810.0,apr,4,10,2018
earnings_pica,2018,1747850.0,apr,4,10,2018
earnings,2018,5057660.0,apr,4,10,2018
net_profits_city,2018,15486042.0,apr,4,10,2018
net_profits_pica,2018,14607866.0,apr,4,10,2018
net_profits,2018,30093908.0,apr,4,10,2018
birt,2018,274772962.0,apr,4,10,2018
sales,2018,11415479.0,apr,4,10,2018
amusement,2018,3307297.0,apr,4,10,2018
tobacco,2018,5658.0,apr,4,10,2018
parking,2018,7676366.0,apr,4,10,2018
valet,2018,138242.0,apr,4,10,2018
real_estate_transfer,2018,24792196.0,apr,4,10,2018
outdoor_ads,2018,215251.0,apr,4,10,2018
soda,2018,6521592.0,apr,4,10,2018
other_taxes,2018,116.0,apr,4,10,2018
wage_pica,2018,44924879.0,apr,4,10,2018
all_taxes,2018,528781598.0,apr,4,10,2018
wage_city,2018,146995326.0,apr,4,10,2018
real_estate,2018,34145261.0,apr,4,10,2018
other_taxes,2018,80.0,may,5,11,2018
wage_city,2018,121153664.0,may,5,11,2018
wage_pica,2018,37023649.0,may,5,11,2018
wage,2018,158177313.0,may,5,11,2018
earnings_city,2018,3741489.0,may,5,11,2018
earnings_pica,2018,1975344.0,may,5,11,2018
earnings,2018,5716833.0,may,5,11,2018
net_profits_city,2018,5297925.0,may,5,11,2018
net_profits_pica,2018,4989804.0,may,5,11,2018
net_profits,2018,10287729.0,may,5,11,2018
birt,2018,44412652.0,may,5,11,2018
sales,2018,13984427.0,may,5,11,2018
amusement,2018,1440739.0,may,5,11,2018
tobacco,2018,3316.0,may,5,11,2018
parking,2018,8172403.0,may,5,11,2018
valet,2018,152201.0,may,5,11,2018
real_estate_transfer,2018,34366760.0,may,5,11,2018
outdoor_ads,2018,281299.0,may,5,11,2018
real_estate,2018,15254148.0,may,5,11,2018
soda,2018,6229168.0,may,5,11,2018
all_taxes,2018,254490271.0,may,5,11,2018
all_taxes,2018,188822378.0,jun,6,12,2018
wage_pica,2018,31225203.0,jun,6,12,2018
other_taxes,2018,0.0,jun,6,12,2018
soda,2018,6947983.0,jun,6,12,2018
outdoor_ads,2018,291678.0,jun,6,12,2018
real_estate_transfer,2018,26908688.0,jun,6,12,2018
valet,2018,156432.0,jun,6,12,2018
parking,2018,8048887.0,jun,6,12,2018
tobacco,2018,3288.0,jun,6,12,2018
amusement,2018,626373.0,jun,6,12,2018
sales,2018,27397162.0,jun,6,12,2018
birt,2018,10976630.0,jun,6,12,2018
net_profits,2018,4673985.0,jun,6,12,2018
net_profits_pica,2018,2839371.0,jun,6,12,2018
net_profits_city,2018,1834614.0,jun,6,12,2018
earnings,2018,267932.0,jun,6,12,2018
earnings_pica,2018,232577.0,jun,6,12,2018
earnings_city,2018,35355.0,jun,6,12,2018
wage,2018,131878080.0,jun,6,12,2018
wage_city,2018,100652877.0,jun,6,12,2018
real_estate,2018,4942411.0,jun,6,12,2018
wage_pica,2019,43153311.0,jul,7,1,2018
wage,2019,184371760.0,jul,7,1,2018
earnings_city,2019,766815.0,jul,7,1,2018
earnings_pica,2019,404818.0,jul,7,1,2018
earnings,2019,1171633.0,jul,7,1,2018
net_profits_city,2019,771516.0,jul,7,1,2018
net_profits_pica,2019,726572.0,jul,7,1,2018
net_profits,2019,1498088.0,jul,7,1,2018
wage_city,2019,141218449.0,jul,7,1,2018
birt,2019,5599696.0,jul,7,1,2018
amusement,2019,2481329.0,jul,7,1,2018
tobacco,2019,3947.0,jul,7,1,2018
parking,2019,8057819.0,jul,7,1,2018
valet,2019,149240.0,jul,7,1,2018
real_estate_transfer,2019,37964424.0,jul,7,1,2018
outdoor_ads,2019,247568.0,jul,7,1,2018
soda,2019,7086924.0,jul,7,1,2018
other_taxes,2019,100.0,jul,7,1,2018
sales,2019,25937641.0,jul,7,1,2018
real_estate,2019,8671957.0,jul,7,1,2018
all_taxes,2019,238957425.0,jul,7,1,2018
all_taxes,2019,210957243.0,aug,8,2,2018
net_profits,2019,1152483.0,aug,8,2,2018
wage_city,2019,118137385.0,aug,8,2,2018
other_taxes,2019,12.0,aug,8,2,2018
soda,2019,6450119.0,aug,8,2,2018
outdoor_ads,2019,274487.0,aug,8,2,2018
real_estate_transfer,2019,30659446.0,aug,8,2,2018
valet,2019,156349.0,aug,8,2,2018
parking,2019,7459578.0,aug,8,2,2018
tobacco,2019,2143.0,aug,8,2,2018
real_estate,2019,9492828.0,aug,8,2,2018
amusement,2019,6743124.0,aug,8,2,2018
birt,2019,2267450.0,aug,8,2,2018
net_profits_pica,2019,558954.0,aug,8,2,2018
net_profits_city,2019,593529.0,aug,8,2,2018
earnings,2019,1335523.0,aug,8,2,2018
earnings_pica,2019,461445.0,aug,8,2,2018
earnings_city,2019,874078.0,aug,8,2,2018
wage,2019,154238057.0,aug,8,2,2018
wage_pica,2019,36100672.0,aug,8,2,2018
sales,2019,27846715.0,aug,8,2,2018
wage,2019,158142425.0,sep,9,3,2018
earnings_city,2019,387619.0,sep,9,3,2018
earnings_pica,2019,204368.0,sep,9,3,2018
earnings,2019,591987.0,sep,9,3,2018
net_profits_city,2019,748664.0,sep,9,3,2018
net_profits_pica,2019,702010.0,sep,9,3,2018
net_profits,2019,1450674.0,sep,9,3,2018
wage_pica,2019,37007288.0,sep,9,3,2018
birt,2019,15751961.0,sep,9,3,2018
amusement,2019,982817.0,sep,9,3,2018
tobacco,2019,1453.0,sep,9,3,2018
parking,2019,8028038.0,sep,9,3,2018
valet,2019,158242.0,sep,9,3,2018
real_estate_transfer,2019,20044245.0,sep,9,3,2018
outdoor_ads,2019,246147.0,sep,9,3,2018
soda,2019,6565861.0,sep,9,3,2018
sales,2019,14688735.0,sep,9,3,2018
wage_city,2019,121135137.0,sep,9,3,2018
real_estate,2019,6488573.0,sep,9,3,2018
other_taxes,2019,0.0,sep,9,3,2018
all_taxes,2019,195227492.0,sep,9,3,2018
wage_city,2019,142433110.0,oct,10,4,2018
wage_pica,2019,43526074.0,oct,10,4,2018
wage,2019,185959184.0,oct,10,4,2018
earnings_city,2019,914297.0,oct,10,4,2018
earnings_pica,2019,485282.0,oct,10,4,2018
earnings,2019,1399579.0,oct,10,4,2018
net_profits_city,2019,1734412.0,oct,10,4,2018
net_profits_pica,2019,1633469.0,oct,10,4,2018
net_profits,2019,3367881.0,oct,10,4,2018
birt,2019,16730911.0,oct,10,4,2018
sales,2019,13323110.0,oct,10,4,2018
amusement,2019,1864721.0,oct,10,4,2018
tobacco,2019,7391.0,oct,10,4,2018
parking,2019,7992378.0,oct,10,4,2018
valet,2019,143796.0,oct,10,4,2018
real_estate_transfer,2019,29175806.0,oct,10,4,2018
outdoor_ads,2019,290251.0,oct,10,4,2018
real_estate,2019,6646496.0,oct,10,4,2018
soda,2019,6604309.0,oct,10,4,2018
all_taxes,2019,227860988.0,oct,10,4,2018
other_taxes,2019,0.0,oct,10,4,2018
soda,2019,7024762.0,nov,11,5,2018
other_taxes,2019,1500.0,nov,11,5,2018
all_taxes,2019,175467683.0,nov,11,5,2018
real_estate,2019,5400389.0,nov,11,5,2018
outdoor_ads,2019,374961.0,nov,11,5,2018
real_estate_transfer,2019,22552161.0,nov,11,5,2018
valet,2019,189031.0,nov,11,5,2018
parking,2019,8756997.0,nov,11,5,2018
tobacco,2019,411.0,nov,11,5,2018
amusement,2019,2112224.0,nov,11,5,2018
sales,2019,14350592.0,nov,11,5,2018
birt,2019,1303394.0,nov,11,5,2018
net_profits,2019,899965.0,nov,11,5,2018
net_profits_pica,2019,436483.0,nov,11,5,2018
net_profits_city,2019,463482.0,nov,11,5,2018
earnings,2019,1134592.0,nov,11,5,2018
earnings_pica,2019,392020.0,nov,11,5,2018
earnings_city,2019,742572.0,nov,11,5,2018
wage,2019,146480067.0,nov,11,5,2018
wage_pica,2019,34284860.0,nov,11,5,2018
wage_city,2019,112195207.0,nov,11,5,2018
all_taxes,2019,208717734.0,dec,12,6,2018
real_estate,2019,22322958.0,dec,12,6,2018
wage_city,2019,117855677.0,dec,12,6,2018
wage_pica,2019,40717141.0,dec,12,6,2018
other_taxes,2019,61400.0,dec,12,6,2018
soda,2019,5625167.0,dec,12,6,2018
outdoor_ads,2019,241825.0,dec,12,6,2018
real_estate_transfer,2019,26287274.0,dec,12,6,2018
valet,2019,160726.0,dec,12,6,2018
parking,2019,7734876.0,dec,12,6,2018
tobacco,2019,300.0,dec,12,6,2018
amusement,2019,1008803.0,dec,12,6,2018
sales,2019,13289361.0,dec,12,6,2018
birt,2019,12835878.0,dec,12,6,2018
net_profits,2019,1458535.0,dec,12,6,2018
net_profits_pica,2019,567403.0,dec,12,6,2018
net_profits_city,2019,891132.0,dec,12,6,2018
earnings,2019,630326.0,dec,12,6,2018
earnings_pica,2019,227969.0,dec,12,6,2018
earnings_city,2019,402357.0,dec,12,6,2018
wage,2019,158572818.0,dec,12,6,2018
all_taxes,2019,305385372.0,jan,1,7,2019
other_taxes,2019,8700.0,jan,1,7,2019
real_estate,2019,52203643.0,jan,1,7,2019
outdoor_ads,2019,282692.0,jan,1,7,2019
real_estate_transfer,2019,25274253.0,jan,1,7,2019
valet,2019,143495.0,jan,1,7,2019
parking,2019,7786397.0,jan,1,7,2019
tobacco,2019,584627.0,jan,1,7,2019
amusement,2019,2521687.0,jan,1,7,2019
sales,2019,12876668.0,jan,1,7,2019
birt,2019,27247272.0,jan,1,7,2019
soda,2019,6172123.0,jan,1,7,2019
wage_city,2019,168690047.0,jan,1,7,2019
net_profits_pica,2019,784629.0,jan,1,7,2019
net_profits_city,2019,882666.0,jan,1,7,2019
earnings,2019,1089621.0,jan,1,7,2019
earnings_pica,2019,378519.0,jan,1,7,2019
earnings_city,2019,711102.0,jan,1,7,2019
wage,2019,221291903.0,jan,1,7,2019
wage_pica,2019,52601856.0,jan,1,7,2019
net_profits,2019,1667295.0,jan,1,7,2019
earnings,2019,1047278.0,feb,2,8,2019
earnings_pica,2019,363810.0,feb,2,8,2019
earnings_city,2019,683468.0,feb,2,8,2019
real_estate,2019,390882359.0,feb,2,8,2019
wage_pica,2019,36499128.0,feb,2,8,2019
wage_city,2019,117046542.0,feb,2,8,2019
net_profits_city,2019,618968.0,feb,2,8,2019
wage,2019,153545670.0,feb,2,8,2019
net_profits_pica,2019,553765.0,feb,2,8,2019
tobacco,2019,328511.0,feb,2,8,2019
birt,2019,7911688.0,feb,2,8,2019
sales,2019,15539676.0,feb,2,8,2019
amusement,2019,1165923.0,feb,2,8,2019
parking,2019,7577994.0,feb,2,8,2019
valet,2019,125960.0,feb,2,8,2019
real_estate_transfer,2019,13934980.0,feb,2,8,2019
outdoor_ads,2019,254029.0,feb,2,8,2019
soda,2019,5809986.0,feb,2,8,2019
net_profits,2019,1172733.0,feb,2,8,2019
other_taxes,2019,-52924.0,feb,2,8,2019
all_taxes,2019,561827158.0,feb,2,8,2019
real_estate,2019,145065170.0,mar,3,9,2019
wage,2019,178502004.0,mar,3,9,2019
earnings,2019,2335582.0,mar,3,9,2019
net_profits,2019,5412255.0,mar,3,9,2019
birt,2019,44794787.0,mar,3,9,2019
real_estate_transfer,2019,23574527.0,mar,3,9,2019
sales,2019,12341609.0,mar,3,9,2019
parking,2019,7472615.0,mar,3,9,2019
valet,2019,120627.0,mar,3,9,2019
amusement,2019,1637715.0,mar,3,9,2019
outdoor_ads,2019,234693.0,mar,3,9,2019
tobacco,2019,8727.0,mar,3,9,2019
soda,2019,5889302.0,mar,3,9,2019
other_taxes,2019,151.0,mar,3,9,2019
all_taxes,2019,381601756.0,mar,3,9,2019
wage_pica,2019,42429480.0,mar,3,9,2019
earnings_city,2019,1524233.0,mar,3,9,2019
earnings_pica,2019,811349.0,mar,3,9,2019
net_profits_city,2019,2865076.0,mar,3,9,2019
net_profits_pica,2019,2547179.0,mar,3,9,2019
wage_city,2019,136072524.0,mar,3,9,2019
real_estate,2019,31802534.0,apr,4,10,2019
wage_pica,2019,47226631.0,apr,4,10,2019
wage,2019,198683753.0,apr,4,10,2019
earnings_city,2019,8197826.0,apr,4,10,2019
earnings_pica,2019,4363702.0,apr,4,10,2019
earnings,2019,12561528.0,apr,4,10,2019
net_profits_city,2019,18174720.0,apr,4,10,2019
net_profits_pica,2019,16156069.0,apr,4,10,2019
net_profits,2019,34330789.0,apr,4,10,2019
wage_city,2019,151457122.0,apr,4,10,2019
birt,2019,355641932.0,apr,4,10,2019
amusement,2019,4841725.0,apr,4,10,2019
tobacco,2019,3174.0,apr,4,10,2019
parking,2019,8818855.0,apr,4,10,2019
valet,2019,137798.0,apr,4,10,2019
real_estate_transfer,2019,41718558.0,apr,4,10,2019
outdoor_ads,2019,291616.0,apr,4,10,2019
soda,2019,6254715.0,apr,4,10,2019
other_taxes,2019,0.0,apr,4,10,2019
sales,2019,12305143.0,apr,4,10,2019
all_taxes,2019,639645718.0,apr,4,10,2019
real_estate,2019,13241522.0,may,5,11,2019
all_taxes,2019,262948293.0,may,5,11,2019
soda,2019,6996350.0,may,5,11,2019
wage_city,2019,122364980.0,may,5,11,2019
wage_pica,2019,38155855.0,may,5,11,2019
wage,2019,160520835.0,may,5,11,2019
earnings_city,2019,2764051.0,may,5,11,2019
earnings_pica,2019,1471303.0,may,5,11,2019
earnings,2019,4235354.0,may,5,11,2019
net_profits_city,2019,7127948.0,may,5,11,2019
net_profits_pica,2019,6338207.0,may,5,11,2019
net_profits,2019,13466155.0,may,5,11,2019
birt,2019,46179981.0,may,5,11,2019
sales,2019,24218943.0,may,5,11,2019
amusement,2019,1107473.0,may,5,11,2019
tobacco,2019,12576.0,may,5,11,2019
parking,2019,10107907.0,may,5,11,2019
valet,2019,150694.0,may,5,11,2019
real_estate_transfer,2019,28380312.0,may,5,11,2019
outdoor_ads,2019,293256.0,may,5,11,2019
other_taxes,2019,2300.0,may,5,11,2019
wage_city,2019,115001133.0,jun,6,12,2019
soda,2019,6432317.0,jun,6,12,2019
outdoor_ads,2019,314931.0,jun,6,12,2019
real_estate_transfer,2019,30916146.0,jun,6,12,2019
valet,2019,142535.0,jun,6,12,2019
parking,2019,8134569.0,jun,6,12,2019
tobacco,2019,3593.0,jun,6,12,2019
amusement,2019,979826.0,jun,6,12,2019
sales,2019,28547766.0,jun,6,12,2019
birt,2019,-3518322.0,jun,6,12,2019
net_profits,2019,2708981.0,jun,6,12,2019
net_profits_pica,2019,2240970.0,jun,6,12,2019
net_profits_city,2019,468011.0,jun,6,12,2019
earnings,2019,-4595067.0,jun,6,12,2019
earnings_pica,2019,-1579960.0,jun,6,12,2019
earnings_city,2019,-3015107.0,jun,6,12,2019
wage,2019,150807055.0,jun,6,12,2019
wage_pica,2019,35805922.0,jun,6,12,2019
other_taxes,2019,220.0,jun,6,12,2019
real_estate,2019,4638436.0,jun,6,12,2019
all_taxes,2019,189046054.0,jun,6,12,2019
real_estate,2020,8643726.0,jul,7,1,2019
other_taxes,2020,2100.0,jul,7,1,2019
wage_city,2020,157015436.0,jul,7,1,2019
wage_pica,2020,48959798.0,jul,7,1,2019
wage,2020,205975234.0,jul,7,1,2019
earnings_city,2020,795898.0,jul,7,1,2019
earnings_pica,2020,423657.0,jul,7,1,2019
all_taxes,2020,253666564.0,jul,7,1,2019
net_profits_city,2020,1339177.0,jul,7,1,2019
net_profits_pica,2020,1190436.0,jul,7,1,2019
net_profits,2020,2529613.0,jul,7,1,2019
earnings,2020,1219555.0,jul,7,1,2019
sales,2020,27967226.0,jul,7,1,2019
amusement,2020,1501150.0,jul,7,1,2019
tobacco,2020,5505.0,jul,7,1,2019
parking,2020,7692007.0,jul,7,1,2019
valet,2020,140858.0,jul,7,1,2019
real_estate_transfer,2020,31189084.0,jul,7,1,2019
outdoor_ads,2020,310974.0,jul,7,1,2019
soda,2020,6810568.0,jul,7,1,2019
birt,2020,10252855.0,jul,7,1,2019
tobacco,2020,1381.0,aug,8,2,2019
parking,2020,7992787.0,aug,8,2,2019
valet,2020,140601.0,aug,8,2,2019
other_taxes,2020,13.0,aug,8,2,2019
outdoor_ads,2020,317347.0,aug,8,2,2019
soda,2020,6684735.0,aug,8,2,2019
real_estate_transfer,2020,30029610.0,aug,8,2,2019
amusement,2020,2009312.0,aug,8,2,2019
wage_pica,2020,35375316.0,aug,8,2,2019
birt,2020,8723158.0,aug,8,2,2019
net_profits,2020,1374332.0,aug,8,2,2019
net_profits_pica,2020,650577.0,aug,8,2,2019
net_profits_city,2020,723755.0,aug,8,2,2019
earnings,2020,867598.0,aug,8,2,2019
earnings_pica,2020,301479.0,aug,8,2,2019
earnings_city,2020,566119.0,aug,8,2,2019
wage,2020,148770691.0,aug,8,2,2019
all_taxes,2020,214669300.0,aug,8,2,2019
sales,2020,34822318.0,aug,8,2,2019
real_estate,2020,9262789.0,aug,8,2,2019
wage_city,2020,113395375.0,aug,8,2,2019
other_taxes,2020,0.0,sep,9,3,2019
wage_city,2020,126938642.0,sep,9,3,2019
all_taxes,2020,211248587.0,sep,9,3,2019
wage_pica,2020,39328889.0,sep,9,3,2019
wage,2020,166267531.0,sep,9,3,2019
earnings_city,2020,455678.0,sep,9,3,2019
earnings_pica,2020,231534.0,sep,9,3,2019
earnings,2020,687212.0,sep,9,3,2019
net_profits_city,2020,1265945.0,sep,9,3,2019
net_profits_pica,2020,1132159.0,sep,9,3,2019
net_profits,2020,2398104.0,sep,9,3,2019
birt,2020,19716941.0,sep,9,3,2019
sales,2020,13852047.0,sep,9,3,2019
amusement,2020,5234182.0,sep,9,3,2019
tobacco,2020,263.0,sep,9,3,2019
parking,2020,8446302.0,sep,9,3,2019
valet,2020,156461.0,sep,9,3,2019
real_estate_transfer,2020,21169644.0,sep,9,3,2019
outdoor_ads,2020,310716.0,sep,9,3,2019
soda,2020,6785543.0,sep,9,3,2019
real_estate,2020,6916223.0,sep,9,3,2019
all_taxes,2020,253270699.0,oct,10,4,2019
other_taxes,2020,0.0,oct,10,4,2019
soda,2020,7708107.0,oct,10,4,2019
real_estate,2020,6956974.0,oct,10,4,2019
wage_city,2020,154166655.0,oct,10,4,2019
wage_pica,2020,48077631.0,oct,10,4,2019
wage,2020,202244286.0,oct,10,4,2019
earnings_city,2020,810673.0,oct,10,4,2019
earnings_pica,2020,431522.0,oct,10,4,2019
earnings,2020,1242195.0,oct,10,4,2019
net_profits_city,2020,1480025.0,oct,10,4,2019
net_profits_pica,2020,1315641.0,oct,10,4,2019
birt,2020,19603288.0,oct,10,4,2019
sales,2020,13842866.0,oct,10,4,2019
amusement,2020,1152411.0,oct,10,4,2019
tobacco,2020,4618.0,oct,10,4,2019
parking,2020,8358578.0,oct,10,4,2019
valet,2020,127797.0,oct,10,4,2019
real_estate_transfer,2020,38706106.0,oct,10,4,2019
outdoor_ads,2020,352601.0,oct,10,4,2019
net_profits,2020,2795666.0,oct,10,4,2019
real_estate,2020,5160201.0,nov,11,5,2019
outdoor_ads,2020,271381.0,nov,11,5,2019
real_estate_transfer,2020,27648245.0,nov,11,5,2019
valet,2020,171753.0,nov,11,5,2019
parking,2020,8705084.0,nov,11,5,2019
tobacco,2020,3377.0,nov,11,5,2019
amusement,2020,1696658.0,nov,11,5,2019
sales,2020,15544032.0,nov,11,5,2019
soda,2020,5066614.0,nov,11,5,2019
birt,2020,6096237.0,nov,11,5,2019
net_profits_pica,2020,573212.0,nov,11,5,2019
net_profits_city,2020,626412.0,nov,11,5,2019
earnings,2020,935601.0,nov,11,5,2019
earnings_pica,2020,333410.0,nov,11,5,2019
earnings_city,2020,602191.0,nov,11,5,2019
wage,2020,158217443.0,nov,11,5,2019
wage_pica,2020,37609869.0,nov,11,5,2019
net_profits,2020,1199624.0,nov,11,5,2019
other_taxes,2020,0.0,nov,11,5,2019
all_taxes,2020,192199759.0,nov,11,5,2019
wage_city,2020,120607574.0,nov,11,5,2019
wage_pica,2020,38856508.0,dec,12,6,2019
wage,2020,163380806.0,dec,12,6,2019
other_taxes,2020,61100.0,dec,12,6,2019
soda,2020,7026019.0,dec,12,6,2019
outdoor_ads,2020,341485.0,dec,12,6,2019
real_estate_transfer,2020,30093300.0,dec,12,6,2019
valet,2020,150701.0,dec,12,6,2019
parking,2020,8326930.0,dec,12,6,2019
tobacco,2020,19246.0,dec,12,6,2019
wage_city,2020,124524298.0,dec,12,6,2019
amusement,2020,2167337.0,dec,12,6,2019
birt,2020,30547852.0,dec,12,6,2019
net_profits,2020,1930305.0,dec,12,6,2019
net_profits_pica,2020,910013.0,dec,12,6,2019
net_profits_city,2020,1020292.0,dec,12,6,2019
earnings,2020,775183.0,dec,12,6,2019
earnings_pica,2020,269288.0,dec,12,6,2019
earnings_city,2020,505895.0,dec,12,6,2019
sales,2020,14396864.0,dec,12,6,2019
real_estate,2020,31883254.0,dec,12,6,2019
all_taxes,2020,251064573.0,dec,12,6,2019
outdoor_ads,2020,306966.0,jan,1,7,2020
real_estate_transfer,2020,22066906.0,jan,1,7,2020
valet,2020,96747.0,jan,1,7,2020
parking,2020,8289688.0,jan,1,7,2020
tobacco,2020,917305.0,jan,1,7,2020
amusement,2020,2134679.0,jan,1,7,2020
sales,2020,12293554.0,jan,1,7,2020
net_profits,2020,1887467.0,jan,1,7,2020
net_profits_pica,2020,888476.0,jan,1,7,2020
net_profits_city,2020,998991.0,jan,1,7,2020
earnings,2020,1334578.0,jan,1,7,2020
earnings_pica,2020,463614.0,jan,1,7,2020
earnings_city,2020,870964.0,jan,1,7,2020
wage,2020,245092753.0,jan,1,7,2020
wage_pica,2020,58280696.0,jan,1,7,2020
wage_city,2020,186812057.0,jan,1,7,2020
real_estate,2020,64792717.0,jan,1,7,2020
soda,2020,6353203.0,jan,1,7,2020
other_taxes,2020,5900.0,jan,1,7,2020
birt,2020,17701204.0,jan,1,7,2020
all_taxes,2020,323640881.0,jan,1,7,2020
all_taxes,2020,602067917.0,feb,2,8,2020
real_estate,2020,422638777.0,feb,2,8,2020
soda,2020,5368526.0,feb,2,8,2020
wage_city,2020,121832968.0,feb,2,8,2020
wage_pica,2020,44641955.0,feb,2,8,2020
wage,2020,166474923.0,feb,2,8,2020
earnings_city,2020,793976.0,feb,2,8,2020
earnings_pica,2020,469615.0,feb,2,8,2020
earnings,2020,1263591.0,feb,2,8,2020
net_profits_city,2020,681945.0,feb,2,8,2020
other_taxes,2020,0.0,feb,2,8,2020
net_profits_pica,2020,768344.0,feb,2,8,2020
birt,2020,6755663.0,feb,2,8,2020
sales,2020,13165548.0,feb,2,8,2020
amusement,2020,1981826.0,feb,2,8,2020
tobacco,2020,58787.0,feb,2,8,2020
parking,2020,7884914.0,feb,2,8,2020
valet,2020,76784.0,feb,2,8,2020
real_estate_transfer,2020,20532765.0,feb,2,8,2020
outdoor_ads,2020,295437.0,feb,2,8,2020
net_profits,2020,1450289.0,feb,2,8,2020
real_estate,2020,108329578.0,mar,3,9,2020
wage,2020,184675091.0,mar,3,9,2020
earnings,2020,1456619.0,mar,3,9,2020
net_profits,2020,4876565.0,mar,3,9,2020
birt,2020,42999218.0,mar,3,9,2020
real_estate_transfer,2020,46562881.0,mar,3,9,2020
sales,2020,17819253.0,mar,3,9,2020
parking,2020,8038383.0,mar,3,9,2020
valet,2020,86088.0,mar,3,9,2020
amusement,2020,1601903.0,mar,3,9,2020
outdoor_ads,2020,220838.0,mar,3,9,2020
tobacco,2020,11326.0,mar,3,9,2020
soda,2020,5608860.0,mar,3,9,2020
other_taxes,2020,4140.0,mar,3,9,2020
all_taxes,2020,375197918.0,mar,3,9,2020
real_estate,2020,15728784.0,apr,4,10,2020
wage_city,2020,158084268.0,apr,4,10,2020
wage_pica,2020,50255445.0,apr,4,10,2020
wage,2020,208339713.0,apr,4,10,2020
earnings_city,2020,1317352.0,apr,4,10,2020
earnings_pica,2020,715858.0,apr,4,10,2020
earnings,2020,2033211.0,apr,4,10,2020
net_profits_city,2020,3722515.0,apr,4,10,2020
net_profits_pica,2020,3397827.0,apr,4,10,2020
net_profits,2020,7120342.0,apr,4,10,2020
birt,2020,69419279.0,apr,4,10,2020
sales,2020,13423786.0,apr,4,10,2020
amusement,2020,391195.0,apr,4,10,2020
tobacco,2020,1904.0,apr,4,10,2020
parking,2020,4449664.0,apr,4,10,2020
valet,2020,32612.0,apr,4,10,2020
real_estate_transfer,2020,14446766.0,apr,4,10,2020
outdoor_ads,2020,224228.0,apr,4,10,2020
soda,2020,6290857.0,apr,4,10,2020
other_taxes,2020,19.0,apr,4,10,2020
all_taxes,2020,287533230.0,apr,4,10,2020
real_estate,2020,7926278.0,may,5,11,2020
wage_city,2020,99811011.0,may,5,11,2020
wage_pica,2020,31731980.0,may,5,11,2020
wage,2020,131542991.0,may,5,11,2020
earnings_city,2020,2115046.0,may,5,11,2020
earnings_pica,2020,1149666.0,may,5,11,2020
earnings,2020,3264713.0,may,5,11,2020
net_profits_city,2020,2462715.0,may,5,11,2020
net_profits_pica,2020,2250602.0,may,5,11,2020
net_profits,2020,4713316.0,may,5,11,2020
birt,2020,26883492.0,may,5,11,2020
sales,2020,17728868.0,may,5,11,2020
amusement,2020,48405.0,may,5,11,2020
tobacco,2020,3145.0,may,5,11,2020
parking,2020,1943079.0,may,5,11,2020
valet,2020,8778.0,may,5,11,2020
real_estate_transfer,2020,14964177.0,may,5,11,2020
outdoor_ads,2020,120248.0,may,5,11,2020
soda,2020,4592305.0,may,5,11,2020
other_taxes,2020,0.0,may,5,11,2020
all_taxes,2020,178607547.0,may,5,11,2020
